rater_a,rater_b,n_items,alpha
student1,student2,500,0.7214498292047637
jfr,jannik,493,0.5706959943236793
jfr,arjen,495,0.5297354497354497
jannik,MaxK,524,0.4900431780524911
MaxK,student1,448,0.46411483253588526
student2,arjen,499,0.40600504008003346
jannik,student1,40,-0.06666666666666665
